,0
Hao,male
Ying,female
Yue,female
Bin,male
Yang,male
Zheng,male
Man,male
Shuo,male
Min,male
Fei,male
Ye,female
Dou,male
Jing,female
Lei,female
Chen,male
Da,male
Qin,female
Chao,male
Adri,male
Zhou,male
Xi,female
Sai,male
Xiang,male
Qi,male
Dang,male
Ze,male
Jia,female
Sung,male
Na,female
Shaked,male
Yin,female
Tong,male
Hung,male
Seung,male
Yi,male
Xun,male
Yu,male
Shu,female
Xu,male
Mao,male
Kun,male
Ao,male
Yun,female
Xiao,female
Nuo,male
Si,male
Sheng,male
Sha,female
Wang,male
Pei,female
Jae,male
Chia,female
Thinh,male
Yung,male
Seo,male
Zi,male
Krishna,male
Yuan,male
Ce,male
Jian,male
Rong,male
Qing,female
Han,male
Li,female
Chun,male
Xue,female
Hwa,female
Tao,male
Hui,female
Wei,male
Adarsh,male
Lo,male
Ma,female
Fang,female
Ryo,male
Zhang,male
Zhao,male
Zhen,male
Chang,male
Xin,female
ZhiCheng,male
Ming,male
Lu,female
Kuan,male
Liang,male
Chin,male
Huan,male
En,male
ZeFeng,male
Jie,male
Sen,male
Feng,male
Yao,male
Qian,male
Yeon,female
Ting,female
Kang,male
Qiang,male
Ji,male
Lan,female
Fan,female
Ra,female
Woo,male
Song,male
Hai,male
Xing,male
Zhu,male
Zhe,male
Hua,male
Ling,female
Ka,female
Shuang,female
Meng,male
Wu,male
He,male
Cheng,male
Jinyu,female
Dong,male
Casey,male
Biao,male
Te,female
Mu,male
Ge,male
Wen,female
Bei,female
Chi,male
Jue,female
Peng,male
Tal,male
Ning,female
Yo,female
Giang,male
Chau,male
Ke,male
Ren,male
MeiXing,female
Zhong,male
Wai,male
Gang,male
Harsh,male
Xia,female
Ru,male
Hou,male
You,male
Shih,male
Hsin,male
Guan,male
Yen,female
Po,male
Ching,female
Hsuan,female
Xie,male
Dung,male
Kwang,male
An,female
Frankie,male
Thanh,male
Tsu,male
Hang,female
Pat,male
Chong,male
Shang,male
Hyun,male
Chu,male
Zhi,male
Xuan,male
Linh,female
Ga,female
Shi,female
Hong,male
Hoai,male
Gi,female
San,male
Ping,female
Duo,male
Deng,male
Tian,male
Jong,male
In,female
Alane,female
Chung,male
Kyoung,male
Che,male
Pu,male
Guang,male
Shun,male
Bing,male
Tuo,male
Zhuang,male
ZhiChao,male
Pan,male
Jiao,female
Chuan,male
Hu,male
Dieu,female
Woon,male
Liu,male
Soo,female
Byung,male
Kasia,female
Do,male
Heng,male
Shan,male
Guo,male
Wan,male
Shen,male
Xian,male
Su,female
Yian,male
SiYu,female
Calum,male
Qu,male
Jo,female
Hyeong,male
ShuYi,female
Ang,male
Yuen,female
Myung,female
Dominique,male
Am,male
Tsung,male
WeiSheng,male
Chee,male
Bang,male
Qiao,female
Mi,female
Hyung,male
Hoo,male
Lang,male
Gon,male
Kiet,male
Keng,male
Tak,male
Miao,female
So,female
Jiu,male
Qiu,female
Dai,male
Chuang,male
Byoung,male
Mei,female
Shin,male
Nham,female
Yee,female
Du,male
Yoon,male
Can,male
Seong,male
Ju,male
Kyo,male
Avery,male
Lesley,female
Zhun,male
Cen,male
Trang,female
Ni,female
Joo,male
Luong,male
Huang,male
Jiang,male
Yoo,female
Zan,male
WenLi,female
Khoa,male
Byeong,male
Kui,male
Teng,male
Jiong,male
Shao,male
Vanja,female
Lun,female
Jeong,male
Hyoung,male
Thien,male
Sang,male
Marijn,male
Dae,male
Kikuo,male
Bharat,male
Youn,male
Sa,female
Ya,male
Huei,female
Fu,male
Sun,male
Hyo,female
Qun,male
Ko,male
Hyuk,male
Deok,male
