name,gender
Minxing,male
Shuyan,female
Christo,male
Prithviraj,male
Pedram,male
Zihan,female
Hossep,male
Vandita,female
Yanpeng,male
Xinchen,male
Ruixiang,male
Wenhan,male
Shuzhou,male
Devansh,male
Yunxiang,male
Zhongan,
Dimion,male
Ayme,female
Changyoon,male
Yuantong,
Brienna,female
Zihao,male
Minyi,female
Guirong,female
Xiangci,male
Mingfei,male
Karun,male
Sajad,male
Baber,male
C,male
Maunika,female
Krithika,female
Yangkun,male
Mingda,male
Yizhu,female
Zhiruo,female
Samyadeep,
Liyan,female
Gati,female
Kangda,female
Xiaodong,male
Nidhir,male
Lingyu,female
Barea,male
Laurenti,male
Niyata,female
Temuulen,male
Nafise,female
Himanshu,male
Gongzheng,
Farima,female
Vijit,male
Yueqing,male
Jingwei,male
Zixuan,female
Dheeru,male
Siddhartha,male
Yingya,female
Hanxun,male
Jungsoo,male
Chenxuan,male
Keshav,male
Hongyin,male
Sihan,female
Mycal,male
Ruijia,female
Youmi,female
Dhruv,male
Luyao,female
Shuliang,male
Sadrodin,male
Deeksha,female
Rishik,male
Arijit,male
Yufei,female
Vil,male
Jiaxin,female
Gaku,male
Kayalvizhi,female
Shuai,male
Xinnian,male
Zee,male
Kexin,female
Achyutarama,
Xiaofeng,male
Bishal,male
Weichao,male
Ruotian,male
Rajat,male
Guangyi,male
Ninareh,
Haiyan,female
Zhuofeng,
Jiahao,male
Urja,female
Penghui,male
Rog,male
Pengshan,
Jungo,male
Miaoran,female
Jind,male
Eyup,male
Haji,male
Seongmin,male
Pratik,male
Yilun,male
Haonan,male
Awantee,
Shaily,female
Jiaoda,
Lingbo,male
Chiyu,male
Shenbin,female
Yinpeng,
Yiming,male
Saiteja,male
Dingcheng,male
Yuexin,female
Wanrong,female
Divyam,male
Shachi,female
Xinyu,female
Mayank,male
Zhilin,male
Qingxia,female
Em,female
Weimin,male
Shuzheng,female
Biplob,male
Xisen,
Sanghwan,male
Suchin,male
Chuyun,female
Zhixian,male
Runxin,female
Weihe,male
Youngjin,male
Peiyi,female
Shanqing,female
Yahui,female
Simeng,male
Zhihao,male
Washington,male
Joosung,male
Shufan,male
Yiren,female
Encarnaci,
Pratyush,male
Xiangru,male
Jiacheng,male
Jingxuan,female
Ameet,male
Rachit,male
Hongyuan,male
Jingyi,female
Fengzhu,male
Mingqi,male
Ishan,male
Kexun,female
Zhekun,
Vishakh,male
Wongyu,male
Akshat,male
Terne,male
Ailneni,
Yalong,male
Weiyi,male
Songlin,male
Haoyu,male
Xuezhi,male
Xiaochen,male
Wenqian,female
Abedelkadir,
Jianguo,male
Haoran,male
Xueqing,female
Thanet,male
Zhenyu,male
Minghao,male
Ziming,male
Bichu,male
Zhiqi,male
Rajdeep,male
Preethi,female
Raghav,male
Minhua,female
Yinglu,female
Qinyuan,female
Chenze,
Ramit,male
Injy,female
Anubhav,male
Linlu,male
Benfeng,male
Tingting,female
Yihui,male
Akhilesh,male
Samyak,male
Qizhi,male
Wentao,male
Sayantan,male
Yuchen,male
Tulika,female
Paridhi,female
Yuxin,female
Tathagata,male
Xingmeng,
Devamanyu,
Holy,female
Wenting,female
Juhyuk,male
Zhiyong,male
Changwook,male
Giscard,male
Jinpeng,male
Lichao,male
Lixing,male
Junjie,male
Bharathi,female
Adnen,male
Jianglong,male
Sahil,male
Jinyi,male
Kalaivani,female
Vyas,male
Yulong,male
Yimeng,female
Siddharth,male
G,male
Gagan,male
Muhao,male
Wencong,male
Machel,male
Or,male
Weiyan,female
Sewon,male
Junyu,male
Lung,male
Ritvik,male
Zihang,male
Cunliang,male
Proyag,male
Shubham,male
Seungju,male
Pragaash,
Atharvan,
Changyu,male
Xueliang,male
Jihyuk,male
Evgeniia,female
Pinzhen,
Yujia,female
Simiao,male
Yongwei,male
Prateek,male
Charic,male
Nazia,female
Zeerak,male
Noujoud,female
Ankita,female
Youngju,female
Yinuo,male
Huseyin,male
Xuange,female
Xiyang,male
Koel,female
Cristobal,male
Chaitanya,male
Jianhai,male
Ahrii,
Tanmay,male
Gaurav,male
Hyunju,female
Atsuki,male
Liangke,male
Manex,male
Prasetya,male
Jiarui,male
Hongyi,male
Xiaobing,male
Huiyuan,male
Adyasha,female
Zhihan,female
Ayush,male
Xinya,female
Vishesh,male
Soravit,male
Harshvardhan,male
Jaihyun,male
Kuanghong,
Upamanyu,male
Dhanya,female
Mengsay,
Siyu,female
Bhanu,male
Yibo,male
Jayant,male
Chenyu,male
Leilei,female
Guoqing,male
Beiduo,
Haozhe,male
Abdelkader,male
Yuxuan,male
Puneet,male
SeongJun,male
Yifan,male
Ramdhanush,
Daming,male
Junshuai,
Ryoma,male
Mengfei,male
Haixia,female
Yoonseok,male
Tanuj,male
Xuming,male
Jiali,female
Tianyu,male
Hyounghun,
Changbing,female
Abdulrahman,male
Mubashara,female
Akshaya,female
Xinwei,male
Tosin,male
Arij,female
Sujan,male
Prashanth,male
Nayeon,female
Chih,male
Xiangyang,male
V,female
Jitao,male
Xiruo,female
Chenyang,male
Rohit,male
Nsrin,female
Abdessamad,male
Zhucheng,
Siqi,female
Wenqiang,male
Aur,female
Zhenisbek,male
Aniket,male
Wanjun,male
Jinghua,female
Wenhao,male
Ewoenam,female
Tejas,male
Yanan,female
Yusheng,male
Fatemehsadat,female
Xiaomeng,female
Dipesh,male
Sihui,female
Aboubacar,male
Hanzhang,male
Yizhou,male
Ziqiang,male
Qingfeng,male
Manan,male
Merieme,female
Daewook,male
Zongyao,
Anusha,female
Jingjing,female
Jamell,male
Xiaoou,male
Seongjin,male
Rajalakshmi,female
Shangyu,male
Boyu,male
Prakhar,male
Gengyu,male
Yongjie,male
Abhinav,male
Hantian,male
Przemyslaw,male
Xiaohan,female
Amirhossein,male
Guangmin,male
Kseniia,female
Vinayshekhar,
Ryokan,male
Abulimiti,
Prasanna,male
Hanjie,male
Goonmeet,
Qinpei,female
Yoonjoo,female
Yuling,female
Adithya,male
Quanyu,male
Xiaosong,male
Tsolmon,female
Nihed,female
Garam,female
Ikuya,male
Kushagri,female
Minki,male
Yarden,female
Mihir,male
Aakash,male
Shikhar,male
Md,male
Boxin,male
Khuyagbaatar,
Nayu,female
Vanshita,
Linzhi,male
Najet,female
Vitthal,male
Deepanshu,male
Yoona,female
Keyu,male
Diksha,female
Abhishek,male
Zhewei,male
Yisi,female
Akhter,male
Adeep,male
Sopan,male
Nihir,male
I,male
Fazlourrahman,
Zhengbao,male
Wanyu,female
Zhengxuan,male
Jingfeng,male
Sullam,female
Cl,female
Junyuan,male
Yuanxin,male
Xiaolei,male
Jaimeen,male
Yanis,male
Neeraja,female
Weitai,male
Bingzhi,male
Ximing,male
Yuanhao,male
Kartikey,male
Niccol,male
Sougata,male
Yuhao,male
Ibtihel,female
Himil,male
Rujun,male
MeiHan,female
Yujie,female
L,male
Shiau,female
Atijit,
Zhexin,male
Yiwei,male
Anirudh,male
Yaqian,female
Praveenkumar,male
Haode,male
Subba,male
Minghan,male
Mingyang,male
Mosab,male
Sheshera,
Sivamanikandan,
Zeming,male
Pengzhi,male
Mayukh,male
Hanhao,male
Samee,male
Minghuan,male
Jiangang,male
Huili,female
Harshul,male
Nawshad,male
Timothee,male
Yash,male
Sathish,male
Xuandong,male
Junyi,male
Xiaotian,male
Dawei,male
Emeralda,female
Ramya,female
Rilwan,male
Shumpei,male
Zixian,male
Mohammadmahdi,male
Haiming,male
S,male
Wenxuan,male
Iknoor,female
Chenhao,male
Muskaan,female
Zijie,male
Lajanugen,
Sanjana,female
Xiuying,female
Marcely,female
Shijie,male
Yining,female
Yafu,male
Huaiyuan,male
Aakanksha,female
Azlaan,male
Ritam,male
Shuaicheng,
Yujian,male
Hongzhan,male
Myeongjun,male
Erguang,
Yew,male
Binyuan,male
Haeju,female
Senhui,
Houman,male
Fangxiaoyu,male
Ankan,male
Jialu,female
Liwen,female
Ruibo,male
Navita,female
Yaqing,female
Mithun,male
Haipeng,male
Luyang,male
Yanzeng,male
Ritv,
Shanu,male
Chaofan,male
Lijing,female
Rungsiman,male
Rahil,male
Sunghye,female
Qinjin,female
Andr,male
Yuxia,female
Mengjie,female
Kanishk,male
Yunjie,female
Chengyue,male
Jiannan,male
Sravani,female
Jivat,male
Ziyang,male
Kushal,male
Yuwei,female
Zechen,male
Shib,male
Jesin,male
Yiting,female
Dongyang,male
Xianghong,female
Jourik,male
Sarthak,male
Peerat,male
Gullal,
Chenguang,male
Siyuan,male
Ziyi,female
Hailong,male
Chenhui,male
Linqing,male
Yinan,female
Bornali,female
Elnaz,female
Tushar,male
Brielen,
Zhengyan,male
Jpliu,
Yuning,female
Khetam,female
Xiaoyu,female
Shivam,male
Pratyusha,female
Shiwei,male
Yiheng,male
Yanzhao,male
Jiayi,female
Shengding,
Jianmo,male
Siyang,male
Bugeun,male
Elazar,male
Zhiyu,male
Ananya,female
Prasanth,male
Peixin,female
Shujian,male
Souvic,male
Jiachang,male
Zhongli,male
Nickil,male
Yibin,male
Sriphani,male
Zhengxiang,male
Jaemin,male
Zhenwen,male
Niket,male
Yiran,female
Haopeng,male
Shuyang,female
Sicheng,male
Quzhe,
Qiqi,female
Haochen,male
Yiqing,female
Juncheng,male
Sijia,female
Sixing,female
Baorong,female
Fanchao,male
Mengzhou,
Junhao,male
Taido,male
Inigo,male
Qiwei,male
Xiaozhi,male
Pengcheng,male
Soyeong,female
Jaehyung,male
Gokul,male
Yutong,female
Srijan,male
Yongtai,male
Vaibhav,male
Yupei,female
Xinchao,male
Saranya,female
Zhengyuan,male
Sihao,male
Weerayut,male
Yukun,male
Hwanhee,male
Shiyue,female
Zhijing,female
Anbukkarasi,
Pengfei,male
Siting,female
Sandaru,male
Vasanth,male
Arkil,male
A,male
Yifei,male
Linhan,male
Koh,male
Guanghai,male
Yunah,female
Divyasri,female
Ziqian,male
Fanghua,male
Junwei,male
Dabin,male
Mousumi,female
Zaijing,
Pouya,male
Janvi,female
Kyungjae,male
Maucha,female
Yusen,male
Xinjian,male
Ruoxi,female
Lingbing,female
Qingxiu,female
Yuanhe,male
Changmao,male
Shusen,male
Juanyan,female
Heereen,
Gaurang,male
Minhan,male
Yiwen,female
Yongliang,male
Kaixin,female
Arshdeep,male
Dongwon,male
Ramaneswaran,male
Shruthi,female
Zhuocheng,male
Piyushi,female
Deming,male
Yunqiu,female
Nathana,female
Yunfan,male
Linjuan,female
Yichu,female
Lixian,female
Odunayo,male
Premjith,male
Zhenyun,male
Soumya,female
Weizhao,male
Achyuta,male
Ruipeng,male
Yixuan,female
Bosheng,male
Peide,male
Xiachong,
Yuxian,female
Zhoujun,female
R,male
Dairui,
Dheeraj,male
Yingxiu,female
Varsini,female
Sihang,male
Shengxuan,female
Mashrura,
Anshita,female
Sukmin,male
Elron,male
Hyewon,female
Qingyu,male
Shaik,male
Weicheng,male
Avisha,female
Ratnavel,male
Huibin,male
Xiaotong,female
Shrey,male
Xingzhang,
Kunxun,
Chinmay,male
Rongzhi,male
Zhihong,male
Swarnadeep,male
Kunbo,male
Fenfei,female
HongSeok,male
Manikandan,male
Aanisha,female
Xinyi,female
Omkar,male
Shulin,male
Tayyaba,female
Takateru,male
Chenhua,male
Zewei,male
Prasadith,
Bhavish,male
Ayah,female
Ruonan,female
Jiarun,female
Simran,female
Xiaoxin,female
Nishant,male
Saadullah,male
Xinyan,female
Yanda,female
Dongha,male
Yosi,male
Nasehatul,
Zining,female
Ankur,male
Erenay,male
Rishabh,male
Bhargavi,female
Umang,male
Yutai,male
Qiushi,male
Zhaodong,male
Wenliang,male
Sawan,male
Bingsheng,male
Xingyu,male
Demian,male
Maitrey,male
Shaobo,male
Pranaydeep,
Shaden,female
Tianxiang,male
Changye,male
Yuren,male
Yihong,female
Pritom,male
Zhengzhong,male
Sameera,female
Bosung,male
Yerram,male
Shantanu,male
Chuhan,male
Hongbin,male
Leyang,male
Sarik,male
Zilong,male
Minjun,male
Hyunji,female
Wanyun,female
Falwah,
Jiangjie,male
Chieh,male
Xingwei,male
Junshen,male
Tianyi,male
Yiyi,female
Vatsal,male
Biaoyan,
Hayate,female
Yunlong,male
Cheonbok,
Minji,female
Dejiao,
Ruixin,male
Bhavnick,
Mingzhe,male
Zichao,male
Sidhant,male
Mengge,male
Xuhang,
Shuxian,female
Jinfa,male
Sangwon,male
Jinhao,male
Chenxi,female
Minhao,male
Yunhe,male
Yicheng,male
Yiqiong,female
Xingshan,
Klim,male
Abhyuday,male
Arnav,male
Pride,male
Changlong,male
Rricha,female
Ipsita,female
Alireza,male
Shaopeng,male
Quanbin,male
Dongqi,male
Yinghui,female
Zhuoyuan,male
Xuwu,male
Liying,female
Qintong,
Apoorv,male
Wenchao,male
Xichen,male
Mounica,female
Shunya,female
Fajri,male
Canwen,
Pintu,male
Viktoriia,female
Saurabh,male
Raviraj,male
Daeun,female
Dexin,male
Anurendra,
Jiaheng,male
Yiqun,male
Luyu,male
Jiatao,male
Jianhan,male
Bowei,male
K,male
Lvxing,
Yingxue,female
Urchade,
Zhiyi,male
Aryaman,male
Shaoxiong,male
Xiwen,female
Yingwen,female
Yubo,male
Tsz,male
Guanglin,male
Xiliang,male
Shiquan,male
Yingjie,male
Yuxiang,male
Haneul,female
Haitao,male
Zecheng,male
Abhijit,male
Subhadarshi,male
Lihu,male
Songming,male
Yucheng,male
Yongqi,male
Tannon,male
Shuohang,
Jeonghwan,male
Yangjun,male
Diyi,male
Shaolei,male
Zaiqiao,
Syrielle,female
Aishwarya,female
Govardana,
Fangyuan,female
Anubrata,male
Rabeeh,male
Bohan,male
Yixin,female
Yanyang,male
Kunyuan,male
Zhihui,male
Satyapriya,male
Chulun,
Suvodip,male
Takyoung,male
Manav,male
Sayan,male
Woojeong,female
Zhiyuan,male
Bodhisattwa,male
KiYoon,male
Yikang,male
Yanling,female
Kaiqiang,male
Lefteris,male
Ssu,female
Xindi,female
Jianzhu,male
Weijie,male
Pengwei,male
Libo,male
Heqi,male
Yongfei,male
Yanzhe,male
Zhibin,male
Linhai,male
Borui,female
Xiaoqiang,male
Yingrui,male
Pengyu,male
Junzhuo,male
Tianchi,male
Ayyoob,male
Eunhwan,male
Zhuoran,male
Yaoyiran,
Tianwen,male
Zhanming,male
Fahime,female
No,male
Isar,male
Aliva,female
Vimig,male
Wenya,female
Shunyu,female
Ruixi,female
Shehzaad,male
Roopal,female
Houquan,
Jiawei,male
Yongmin,male
Belen,female
Zuchao,
Moxin,male
Prathyusha,female
Deepanway,
Junlong,male
Pavan,male
Iz,male
Biru,male
Tianda,female
Haitian,male
Jinming,male
Xuefeng,male
Zhixing,male
Yaojie,male
Chengwei,male
Zhenjie,male
Renyu,male
Ruiqing,male
Yutao,male
Seonghyeon,male
Nitish,male
Ningning,female
Vaidehi,female
Yunhua,female
Tingchen,
Guanhua,male
Abhik,male
Changzai,
Tianlu,female
Fangkai,male
Juncai,male
Shengqiang,male
Zden,male
Chengyu,male
Wenpeng,male
Weize,male
Donghan,male
Amanul,male
Sanket,male
Cenyuan,
Shaoyi,female
Fangchao,male
Zhengxiao,male
Yinhong,female
Xinbei,female
Satwik,male
Boxi,male
Ife,female
Zewen,female
Kehai,male
Qingkai,male
Jiabao,male
Shantipriya,female
Zhuohao,male
Jiangbin,male
Suixin,male
Saed,male
Jyotsana,female
Xiaosen,male
Rishi,male
Yulin,female
Damai,male
Mobashir,male
Hamada,male
Weikang,male
Fatemah,female
Enwei,male
Yupian,
Ruolan,female
Zongcheng,male
Dingmin,
Elsayed,male
Ojas,male
Yuting,female
Pavanpankaj,
Leshem,male
Manling,female
Huihan,male
Jingcheng,male
Jiapeng,male
Debjit,male
Sanghamitra,female
Heesoo,male
Shivendra,male
Xiaolong,male
Fangzhou,male
Megh,male
Yakoob,male
Kshitij,male
Roc,male
Ganqu,
Xunjian,male
Saku,male
Jiquan,male
Sidharth,male
Puyuan,
Fenia,female
Chayma,female
Shubhanshu,male
Nikzad,male
Shuoyang,male
Shuguang,male
Jinman,male
Chunguang,male
Kalpesh,male
Kervy,male
Ziqing,male
Zhiwei,male
Jinghui,female
Hemanth,male
Darsh,male
Renyuan,male
Hsiang,male
Gitit,female
Dam,male
Yuqiang,male
Bhushan,male
Xuemei,female
Yejin,female
Athar,male
Xiaoyi,male
Litton,male
Hongfei,male
Nianlong,male
Xiangpeng,male
Dengji,
Prajit,male
Nitay,male
Huisheng,male
Nobal,male
Mengze,male
Subhabrata,male
Wangchunshu,
Sumer,female
Yangming,male
Chenchen,female
Alham,female
Semiu,male
Abteen,male
Sungho,male
Yangruibo,
Ashwin,male
Zexuan,female
Xiaotao,male
Piush,male
Seunghyun,male
Thales,male
Anshul,male
Ravsimar,
Qianyu,male
Hwichan,
Ningyu,male
Sarkar,male
Chanjun,male
Lifeng,male
Zilun,female
Nouran,female
Fadhl,male
Tadesse,male
Hideya,male
Tanvi,female
Baban,male
Oluwaseyi,male
Zar,male
MohammadMahdi,male
Yingying,female
Archit,male
Haw,male
Viveta,female
Shikib,male
Jiefu,male
Yongkeun,male
Mohab,male
Tianbo,male
Jiangming,male
Dhaou,male
Liming,male
Samhita,female
Zichu,male
Tanay,male
Mengyi,female
Dalya,female
Parishad,female
Sourav,male
Yilin,female
Jinglin,female
Haozhou,male
Bailin,male
Vansh,male
Xinge,male
Menglin,male
Linyong,male
Zhixiang,male
Linting,female
Huteng,
Yiping,male
Dravyansh,
Jinfen,female
Amey,female
Tianai,
Zehao,male
Ryuichiro,male
Bingyan,female
Rajarshi,male
Kushagra,male
Mokanarangan,
Gaman,male
Raviteja,male
Senci,male
Afrin,female
Haein,female
Linzi,female
Sreyan,male
Junfeng,male
Koshiro,male
Ruijun,male
Sotiris,male
Tiancheng,male
Genyu,
Sanya,female
Emran,male
Francois,male
Jinquan,male
Ruei,male
Haojun,male
Yuh,female
Thakur,male
Zhewen,female
Sangah,female
Varad,male
Suchetha,female
Peratham,
Shabnam,female
Zhida,female
Hardik,male
Pritish,male
Saujas,female
Jingyao,female
Hsiao,female
Sumanta,male
E,male
Soyoung,female
Yanzhu,female
Peiguang,
Yogarshi,
Jenq,female
Naman,male
Haoyang,male
Xiaoyan,female
Anik,female
Divesh,male
Jiaju,male
Atharva,male
Iuliia,female
Tashin,male
Saumya,female
Hsien,male
Kanishka,female
Akshay,male
Sihem,female
Kabil,male
Shuhan,male
J,male
Sujith,male
Hohyun,male
Naif,male
Jianing,male
Hadeel,female
Francielle,female
Iftah,male
Avishek,male
Heeyoung,female
Yanfei,female
Daimeng,
Shafqat,male
Shiyu,female
Renjith,male
Ond,male
Ghivvago,
Tuqa,female
Og,male
Lihua,female
Vevake,male
Abhinandan,male
Isuri,female
Shamila,female
Pravesh,male
Longyue,male
Raksha,female
Itika,female
Huiling,female
Tharindu,male
Pingsheng,male
Qinglin,male
Nihatha,
Husamelddin,
Abdullatif,male
Khyati,female
Wazir,male
Mengnan,male
Yixiao,male
Harshit,male
Kaustubh,male
Amartya,male
Wenjie,male
Souhila,female
Aadil,male
Halyna,female
Xiaoli,female
Yikuan,female
Oralie,female
Seunghak,male
Vandan,male
Mram,female
Sohyung,female
Jiawen,female
Chaojun,male
Zhengyi,male
Prerna,female
Zekun,male
Maali,female
Junayed,male
Kishore,male
Nimshi,female
Kung,female
Archchana,female
Wenzheng,male
Renzhe,male
Synn,male
Kyoumoto,
Sayali,female
Chrysovalantis,male
Hian,male
Soham,male
Vibhav,male
Seungwon,male
Xianfeng,male
Chenye,female
Abheesht,male
Saumitra,male
Rajitha,male
Lasitha,male
Shaikh,male
Venkata,male
Bharath,male
Cing,female
Ashkan,male
Dia,female
Aaditya,male
Xinxin,female
Zhaojiang,
Pooneh,female
Xuelu,male
Yingjia,female
Abiola,male
Charith,male
Mohr,male
Raghuveer,male
Xinxian,female
Alimuddin,male
Bardia,male
Shanaka,female
Sapir,female
Zhiqiang,male
Jifan,male
Jamshidbek,male
Thiago,male
Boyuan,male
Eunah,female
Jingun,male
Hangcheng,male
Preslav,male
Abhilash,male
Weixuan,male
Nut,male
Chenglong,male
Vinit,male
Peiyao,female
Mehwish,female
Chaoyuan,male
Sumbal,female
Lingfei,male
Kristiyan,male
Yangchen,female
Shinhyeok,male
Wenyi,female
Sahas,male
Wayan,male
Asl,female
Shuyi,female
Meladel,female
Dongyub,male
Vorakit,male
Yunju,female
Vagrant,male
Yuejia,female
Zien,male
Lintang,female
Hengchao,male
Saptarashmi,
Vidhisha,female
Zhengzhe,male
Haolan,male
Srinivasan,male
Qianlan,female
Sahinur,female
Anshuman,male
Genze,male
Aomi,female
Shuhao,male
Sailik,female
Thamme,female
Mitesh,male
Mingyu,male
Rajaswa,
Roshanak,female
Shraey,
Tuhin,male
Kornraphop,male
Abhirut,
Kokil,female
Kiamehr,male
Jiaao,female
Yongchang,male
Archiki,
Ruochen,female
Jitin,male
Jingfei,female
Zhengxu,male
Juntao,male
Happy,male
Kelechi,male
Jongin,male
Shubhi,female
Yinya,female
Qingrong,male
Aggeliki,female
Xingwu,male
Xuchao,male
Yingqi,female
Amane,female
Haohan,male
Dongling,female
Sahisnu,
Yaxin,female
Honai,female
Shashank,male
Wenxi,male
Karthikeyan,male
Jiaming,male
Myungji,female
Qianqian,female
Farane,female
Zhenghao,male
Maoqin,
Abdalghani,male
Qingyun,male
Peiyang,female
Eshwar,male
Jihyung,male
Shuangyong,
Artidoro,male
Ramakrishna,male
Anvesh,male
Minjin,female
Hanqing,male
ChaeHun,male
Fangyu,male
Zhongfen,female
Mingyue,female
Lenin,male
Sohee,female
Dianqi,
Shailaja,female
Ramakanth,male
Liwei,male
Wanying,female
Wenkai,male
Chenyi,male
Xiyan,female
Hiyori,female
Arka,male
Sugyeong,female
Guanghui,male
Xutan,
Yihan,female
Lingxiao,female
Xiaoan,male
Tzu,male
Wanyue,female
Janghoon,male
Yichen,male
Piyawat,male
Shrimai,
Byeongchang,male
Songyang,male
Weiwen,male
Xinliang,male
Oshin,female
Chenghao,male
Kyeongpil,male
Baohao,
Xiaohui,female
Janarthanan,male
Yufan,male
Chengjin,male
Wasi,male
Luoxin,female
Liangming,female
Pranav,male
Yashal,female
Tianze,female
Surafel,male
Xuanli,female
Teven,male
Shaika,female
Ishani,female
Constantinos,male
Mingxuan,male
Huiyang,male
Yasa,male
Zhisong,female
Siyi,female
Zineng,male
Junqi,male
Thodsaporn,male
Jinlan,female
Tiezheng,male
Ankith,male
Shamik,male
Aleem,male
Kaiyuan,male
Athul,male
Congying,female
Sowmya,female
Tamali,male
Anish,male
Pratyay,male
Shailza,female
Dongkuan,male
Vasudevan,male
Chongyang,male
Dianbo,male
Diptesh,male
Liunian,female
Kartik,male
Iacer,male
Hongliang,male
Yanjun,male
Jeonghyeok,male
Yurun,male
Hrituraj,
Jinfeng,male
Kuntal,male
Goya,female
Yefei,male
Zeyu,male
Senthil,male
Zhuxin,male
Boer,male
Xudong,male
Eftekhar,male
Koeva,female
Vinodkumar,male
Arunima,female
Feiteng,female
Dhivya,female
Thara,female
Sameen,female
Anietie,male
Giorgos,male
Touhidul,male
Akshatha,female
Haoming,male
Weijia,female
Shunta,male
Jaewoong,male
Nishtha,female
Qinyu,female
Anup,male
Peiwen,female
Hongchang,male
Mingliang,male
Vasudev,male
Zhenhao,male
Qingbin,male
Xiongyi,male
Shifeng,male
Parnia,female
Wenxiu,female
Zili,male
T,male
Shoetsu,male
Dhanasekar,male
Yichong,male
Aalok,male
Baojun,male
Pushkar,male
Guimin,male
Parsa,male
Yaoming,male
Huaxiu,
Kaiyu,male
Bongseok,male
Ziniu,male
Canming,male
Weizhi,male
Saketh,male
Deyu,male
Labiba,female
Junyan,female
Talha,male
Fuli,male
Bhargav,male
Janosch,male
Qianlong,male
Advait,male
Daphn,female
Kangli,male
Guanyi,male
Ruiliu,female
Yimin,male
Firoj,male
Geondo,
Lalchand,male
Yekun,female
Yijin,female
Zuoyu,male
Wonseok,male
Judicael,male
Junmo,male
Xinying,female
Gihan,male
Kijong,male
Shichao,male
Timoth,male
Shreyan,male
Jongyoon,male
Baoyu,male
Akhil,male
Junaida,female
Sahana,female
Manqing,female
Mahshid,female
Zhuoyi,male
Bonan,male
Zijing,male
Olawale,male
Xuanting,female
Yuexiang,male
Alek,male
Chengkun,male
Vishal,male
Sharid,male
Teerapaun,
Kwabena,male
Varun,male
Danielly,female
Zhenghui,male
Xintong,female
Sreyasi,female
Weixin,male
Guangyue,male
B,male
Thiziri,female
hari,male
Rayhane,female
Xingyao,male
Enja,female
Ruiqi,female
Taeuk,male
Meichun,male
Yizhe,male
Haidong,male
Nivranshu,
Fuxiang,male
Jicheng,male
Zhiming,male
Chengqi,male
Sukanta,male
Linlin,female
Loitongbam,female
Arya,male
Tshephisho,female
Bla,male
Shir,female
Chunliu,
Mauajama,
Natraj,male
Yuechen,male
Jingwen,female
Meriem,female
Massinissa,male
Qiuhao,male
Yichao,male
Khondoker,male
Taisiya,female
Guolin,male
Zexue,
Jieren,female
Orevaoghene,female
Boshko,male
Zequn,
Mahault,female
Weijiang,male
Kezhen,male
Hanyu,male
Xiangyu,male
Jiaqi,female
Xuebo,male
Xuye,female
Shraman,male
Cheikh,male
Beomsu,male
Raeed,male
Tenghao,male
Chenxu,male
Chenhan,male
Entony,male
Chulaka,male
Wenchang,male
Mozhdeh,female
Liping,female
Boseop,male
Giangiacomo,male
Zhiheng,male
Jisun,female
Yuzhao,male
Yixue,female
Yaochen,male
Qiyuan,male
Stalin,male
Hitarth,male
HyeonTae,male
Joonghyuk,male
Chenxiao,male
Tasnim,female
Neema,female
Yigeng,
Mieradilijiang,
Liqiang,male
Yuntian,male
Xinmeng,male
Xiaochuang,male
Fanyi,male
Ghazaleh,female
Shuqi,female
Shilei,male
Purifica,female
Xinyin,female
Aashi,female
Rexhina,female
Sunipa,female
Jinliang,male
Nianzu,
Kunrui,
Wanzheng,
Anlin,female
Jiale,male
Shengyao,male
Ruiyang,male
Hyunwoo,male
Qinzhuo,
M,female
Xueguang,male
Subhajit,male
Dongyu,female
Xinglin,male
Tianfu,male
Peijie,male
Shivashankar,male
Longxiang,male
Chenhe,male
Nuttapong,male
Tongliang,male
Longyin,male
Zixin,female
Ziao,male
Zongyi,male
Feiliang,male
Linli,female
Zeqiu,male
Dongning,male
Koustuv,male
Ruixuan,male
Xuelin,female
Yuanhang,male
Xiaoya,female
Diptanu,male
Yingmei,female
Jiahui,female
Linyang,male
Jiachen,male
Guoxin,male
Sixuan,female
Fuwei,male
Jarana,male
Faeze,female
Siamak,male
Madeeswaran,
Yangkai,male
Chenghong,male
Asahi,male
Jianhao,male
Yunchang,male
Shuqun,male
Anant,male
Yufang,female
Yeqiu,female
Rongzhou,
Zixiaofan,
Yangqiaoyu,
Jiuzhou,male
Yuejie,male
Koren,female
Mengzhu,female
Iftitahu,
Budhaditya,male
Yuanmeng,female
Sanxing,male
Jiseon,female
Humair,male
ZiXian,male
Panupong,male
Shitao,male
Lingyun,female
Jiangnan,male
Xinnuo,
Zujun,male
Fineen,male
Mohd,male
Jialin,female
Varnith,
Fahimeh,female
Biswesh,
Taelin,male
Yiyang,male
Bayu,male
Joongwon,male
Lingzhi,female
Danting,female
Mengting,female
Nattapol,male
Haichao,male
Sanqiang,male
Jinhyuk,male
Daizong,
D,male
Yanai,female
Yonghao,male
Paras,male
Sangwoo,male
Yova,male
Ranran,female
Tianqing,male
Jidong,male
Weizhe,male
Jihao,male
Xiyou,male
Danae,female
Zhiyang,male
Chinnadhurai,
Zhuosheng,
Udit,male
MengNan,male
Pooya,male
Wenlin,male
Yingzhu,female
Zongwei,male
Junxian,male
Yunbin,male
Siddhant,male
Yishu,female
Chunting,male
Feifan,male
Mujeen,
Yijun,male
Zeru,male
Wanxiang,male
Sainik,male
Dusan,male
Yuanzhi,male
Peru,male
Hengtong,male
Fuxiao,male
Huimin,female
Moye,male
Saurav,male
Zhaohui,male
Nattapong,male
Trapit,male
Junkun,female
Devang,male
Sunghyun,male
Borna,male
Chunchuan,
Shuhuai,male
Tianxing,male
Jasabanta,
Renliang,male
Weinan,male
Xianming,male
Beilei,female
Jingqing,female
Sunyam,male
Ensheng,female
Prajjwal,male
Haoliang,male
Yangyang,female
Ishaan,male
Housam,male
Hangfeng,male
Xuhui,male
Xingdi,male
Zarana,female
Adaku,female
Junpeng,male
Xuewen,male
Mingzhou,male
Subalalitha,
Anosha,female
Mingkai,male
Haiwen,male
Potsawee,
Sungjoon,male
Kaize,male
Ohjoon,male
Xiaobao,male
Jiyeon,female
Debanjan,male
Asrita,female
WonKee,male
Qianchu,female
Qingnan,male
Zhenrui,
Zihuiwen,
Xiaojing,female
Tianqiao,
Sony,male
Zeguan,
Xusen,male
Changhan,male
Qingqing,female
Buru,male
Saneem,female
Kechen,male
Yitao,male
Yohan,male
Nandu,male
Skatje,female
Vikash,male
Hyeju,female
Shiyang,male
Shunyo,male
Xincheng,male
Rahmad,male
Laiba,female
Yanjie,female
Kyungho,male
Naganand,male
Chenglei,female
Lisheng,male
Chenlong,male
Prafulla,male
Jiatong,male
Yuxiao,female
Srinath,male
Hyundong,male
Koustava,
Qinlan,
Ruifeng,male
Maharshi,male
Jivnesh,
Jiajun,male
Kyunghwan,male
Changrong,male
Gihwan,male
Krati,male
Zhenxi,female
Shaoning,female
Cibu,male
Kewei,male
Boda,male
Haohai,male
Mingxiao,male
Ukyo,male
Zifa,female
Yanmeng,female
Lingyong,
Saket,male
Kailong,male
Yerbolat,male
Haining,male
Zujie,female
Weiran,male
Feilong,male
Yangyi,male
Debapriya,male
Vibhu,male
Ravneet,female
Yuekai,male
Dhairya,male
Payal,female
Jimin,female
Priyam,male
Nguyen,male
Hwiyeol,
Debjoy,male
Nisansa,
Xinghua,male
Negin,female
Danushka,male
Ryuto,male
Hongjiang,male
Ananth,male
Charangan,
Disne,female
Runcong,
Runze,male
Zhongkai,male
Arghya,male
Zichen,male
Krutarth,male
Keping,male
Sagnik,male
Yotam,male
Zhiguo,male
Siddhanth,male
Nazmul,male
Ansong,male
Meisin,female
Xiaopeng,male
Sravana,female
Konthala,
Qingyang,male
Sreelakshmi,female
Ta,female
Ziheng,male
Yelysei,
Subhradeep,male
Shardul,male
Dayu,female
Geetanjali,female
Chunpeng,male
Guangneng,
Anoop,male
Xiaoying,female
Abinaya,female
Guoshun,male
Baoli,male
Jingxiang,male
Boeun,female
Shaoor,male
Ayato,male
Ruisi,female
Nipun,male
Shangyi,male
Wenjuan,female
Chenliang,male
Ruisheng,female
Shengjie,male
Gajanan,male
Pulkit,male
Yonghui,male
Qinqing,female
Qinxuan,female
Dongqin,female
Yuqi,female
Zhaofeng,male
Nupoor,female
Soya,female
Rudali,male
Maocuo,
Gyuwan,male
Yida,male
Chenlin,female
Chengxi,male
Xinyun,female
Gechao,
Talita,female
Glorianna,female
Zhanbiao,
Haojie,male
AbdelRahim,male
Zonghai,male
Chengwen,male
Cunxiang,female
Sungdong,male
Adewale,male
Zhengping,male
Shourya,male
Semere,male
Paramita,female
Mengxiang,male
Fangwei,male
Jhonny,male
Hongjin,male
Baohang,male
Sooyoun,female
Fenglin,male
Zezhi,male
Sandipan,male
Vaishnavi,female
Chuyuan,male
Haiyang,male
Weiqi,male
Ashim,male
Zhiying,female
Yajuan,female
Shukai,male
Mingi,male
Shivin,male
Qianying,female
Qianwen,female
Zehui,female
Ashwinkumar,male
Sagarika,female
Liqun,female
Baixi,
Guangsheng,male
Dongzhen,
Jooyeon,female
Hongming,male
Dongjun,male
Sashank,male
Madhur,male
Yinghao,male
Zae,male
Shiya,female
Juyong,male
Reyha,female
Jiahuan,male
Surabhi,female
Baolin,male
Yangyifan,male
Meiyuan,female
Songtai,
Linyi,female
Lanqing,female
Atticus,male
Qiankun,male
Ruidan,female
Qiuxiang,female
Seraphina,female
Nannan,female
Hongjie,male
Xuancheng,male
Apurva,female
Zixiu,female
Abdus,male
Dazhan,male
Hoyun,male
Jishun,male
Alisan,female
Linqin,female
Shauli,male
Yiyun,female
Sanjanasri,
Sujatha,female
Wenhui,male
Aravind,male
Shenglong,male
Grusha,female
Debanjana,female
Pushpak,male
Fuhao,male
Sanchit,male
Hafte,male
Debajyoti,male
Nyoungwoo,
Tewodros,male
Hongyang,male
Nitin,male
Chunhua,female
Junxing,male
Jieyu,female
St,male
Dwija,male
Shisong,male
Enchang,
Sebastin,male
Xiaocui,female
H,male
Adly,female
Aston,male
Dongkyu,male
Rahma,female
Gyubok,male
Linjie,male
Oyinlola,female
Siddique,male
Jezabel,female
Weiyue,female
Zhipeng,male
Xiaonan,male
Zhijuan,female
Keerthiram,
Dama,female
Xuehui,female
Shuangtao,
Najoung,
Xubo,male
Ziyun,male
Ahsaas,male
Zekang,
Zexin,male
Qingyi,male
Yinpei,female
Huikai,male
Binzong,
Qianglong,male
Keyang,male
Kasidis,male
Puhai,male
Xinze,male
Tongtong,female
Gjorgjina,female
Zhifeng,male
Lukasz,male
Lekshmi,female
Abudouwaili,
Rongxin,male
Yubin,female
Arnab,male
Aquia,female
Zelalem,male
Qingfu,male
Tongyue,
Diwakar,male
Zijun,male
Mozhi,female
Xuehai,male
Jinbae,male
Zhicheng,male
Risuna,female
Guanqing,male
Zhuohan,male
Piji,male
Abebawu,
Jiajia,female
Zhenhai,male
Runzhe,
Chaojie,male
Pawe,male
Jialong,male
Shizhe,male
Linmei,female
Nedjma,female
Pradeesh,male
Zechuan,male
Zhouhang,
Hongxuan,male
Gangwoo,
Weizhou,male
Haoyue,female
Seanie,male
Zhongtao,male
Meihan,female
Huayang,male
Haemanth,
Zhongkun,male
Ulme,
Mengyu,female
Peiyu,male
Jiasheng,male
Vojt,male
Ahjeong,female
Bidisha,female
Madhusudhan,male
Zikun,male
Chak,male
Yinfei,female
Divyansh,male
Xiaoxue,female
Jiexi,male
Xingyi,female
Boyue,male
Ziye,male
Xuepeng,female
Shagun,female
Vardaan,male
Naziya,female
Changwei,male
Zenan,female
Hengyi,male
Puria,male
Piyush,male
Hanqi,female
Yichun,female
Zhichao,male
Animesh,male
Yiqi,female
Feifei,female
Wenqing,male
Tanvirul,male
Hanlei,male
Kaiwen,male
Wenxiang,male
Wuwei,male
Weizhen,female
Fandong,male
Qipeng,male
Mingzhu,female
Mukund,male
Anjalie,female
Alaeddin,male
Haoli,male
Yoshitomo,male
Haibin,male
Divyanshu,male
Taolin,female
Rupjyoti,male
Santanu,male
Viraj,male
Ziqi,female
Yingjun,male
Lemao,male
Khiem,male
Yumo,female
Tingxun,male
Xuetao,male
Tongshuang,
Rupak,male
Supriya,female
Guoyang,male
Sharanya,female
Jagadeesh,male
Chenrui,female
Xinzhe,male
Lianhui,male
Keshaw,male
Yuanmin,male
Nitika,female
Lovish,male
Lingwei,male
Shuoran,
Weile,male
Shuangzhi,
Rajen,male
Natthawut,male
Wava,female
Shuning,female
Girma,male
Sirigireddy,
Ruifan,
Yunzhe,male
Shumin,female
Chacha,female
Janvijay,male
Fusheng,male
Congcong,female
Ambuje,male
Tamanna,female
Qingcheng,male
Gabofetswe,
Ehab,male
Ritesh,male
Abdelrhman,male
Keting,female
O,male
Shihan,male
JT,male
Laksh,male
Rochana,female
Saichethan,
Enas,female
Irean,female
Aseel,female
Zhishen,male
Ayimunishagu,
Chhavi,female
Gaoqi,male
Pinar,female
Spandana,female
Vishwa,male
Jonggu,male
Yandrapati,
Wandri,male
Binyam,male
Yunyao,male
Hanoz,male
Khanddorj,
Sarawoot,male
Zubair,male
Kristj,
Jiban,male
Changchun,male
Xiangjue,
Bertelt,male
Yansen,male
Lianwei,male
Bushr,female
Arindam,male
Kamalkumar,male
Birat,male
Mehrnoosh,female
Swarup,male
Huihui,female
Joran,male
Rejwanul,male
Seolhwa,female
Hsu,female
Zizheng,male
Fouzi,male
Yuhui,male
Kidane,male
Yueying,female
Oguzhan,male
Nikitha,female
Raeid,male
Sayanta,male
Tanfang,male
Karishma,female
Longshaokan,male
Pouria,male
Hongying,female
Arjit,male
Soroush,male
Vertika,female
Najam,male
Somaia,female
Chakaveh,female
Farhood,male
Xianbing,female
Chundra,female
Deya,female
Vukosi,male
Kunho,male
Thenmozhi,female
Lifu,male
Shriphani,
Fengbin,male
Yinnan,male
Amirreza,male
Haijiang,male
Malarkodi,female
Jiyi,female
Jiaxiang,male
Junsu,male
Pollawat,male
Ravenna,female
Dhruvil,male
Jeniya,female
Wah,male
Swapnil,male
Xiuyu,female
Yadong,male
Aniruddha,male
Paramansh,
Bernal,male
Zrajm,
Akshai,male
Dongzhe,male
Dongyeop,male
Chahan,male
Ekansh,male
Doaa,female
Jinhang,male
Jaeyoul,male
Shammur,female
Subhasis,male
Mahen,male
Rishav,male
Yunshi,male
Jinhwa,female
Omnia,female
Gangeshwar,male
Darshini,female
Parag,male
Seokhwan,male
Kellin,female
Chandresh,male
Mutaz,male
Debasmita,female
Hwijeen,
Sudhanshu,male
Sriram,male
Faneva,male
Yuqing,female
Wiem,female
Nouf,female
Dongfang,male
Zhengjie,male
Israa,female
Shiladitya,male
Shohini,female
Roweida,female
Joshgun,male
Xiyu,male
Sashi,female
Pradyumna,male
Mengqi,female
Chunxi,male
Yonas,male
Shuohuan,
Sarang,male
Zoher,male
Zhenqi,female
Rutvik,male
Mohammadzaman,
Jiaxu,male
Anisha,female
Chuwei,male
Kawin,male
Weibin,male
Akshita,female
Olanrewaju,male
Harshil,male
Yunmo,male
Shaurya,male
Maur,male
Moataz,male
Prasadi,female
Hongru,male
Ingroj,
Amaru,male
Parth,male
Weilong,male
Urmish,male
Yuhang,male
Yili,female
Mittul,male
Rishivardhan,male
Seungtaek,male
Vikrant,male
Jiajing,female
Moonsung,male
Sayar,male
Jelke,female
Tiantian,female
Fara,female
Olabiyi,male
Bhagath,male
Luxi,female
MinGyou,male
Fareen,female
Ehsaneddin,male
Pramodith,
Katikapalli,
Vani,female
Meysam,male
Yice,female
Shike,male
Keen,male
Priyanshu,male
Shelan,female
Aadarsh,male
Aayushee,female
Zulfat,male
Sedigh,male
Ghoul,male
Sirwe,female
Shengbin,male
Anandh,male
Kerenza,female
Yanyan,female
Joao,male
Sangha,male
Younggyun,male
Xuguang,male
Sello,male
Binxia,
Namoos,female
Guokan,
Kar,female
Slawomir,male
Jinmeng,male
Astik,male
Reshmashree,
Fr,male
Chaofa,male
Takshak,male
Deen,male
Eug,male
Amanuel,male
Mashael,female
Yile,male
Banothu,
Reo,male
Endang,female
Donghui,male
N,male
Wafia,female
Sakhar,male
Hadjer,female
Tsanta,female
Roney,male
Zolt,male
Preni,male
Susmitha,female
Acharya,male
Shambhu,male
Jumayel,female
Orphee,female
Huiwei,female
Xiangji,male
Samapika,female
Yixing,male
Aye,female
Jiaji,male
Yuming,male
Yoshinao,male
Junfan,male
Yunli,female
Souvick,male
Anhad,male
Sangwhan,male
Binaya,male
Gr,male
Shili,male
Piek,male
Mingjun,male
Angrosh,
Jiseong,male
Wanqiu,female
Jianming,male
Dimuthu,male
Toshitaka,male
Kartheek,male
Khia,female
Vijini,female
Xiaoqi,female
Tanik,female
Peiqin,female
Hongyu,male
Minping,male
Jinhua,female
Junru,female
Kengatharaiyer,male
Hongzhi,male
P,male
Shukrity,
Abhisek,male
Jesujoba,
Zhentao,male
Ol,male
Junlin,male
Seungwhan,male
Kishaloy,male
Boon,male
Debopam,male
Gudbjartur,male
Maaz,male
Maddalen,female
Ritiz,female
Sanal,male
Btool,female
Sovan,male
Edresson,
Yerai,male
Yongchao,male
Yevhenii,male
Ruka,female
Imen,female
Samarjit,male
Shangwen,male
Chaoting,female
Yihuan,male
Namgi,male
Tengfei,male
Anmol,male
Mimansa,female
Haiyue,female
Gyeongbok,
Chandrakant,male
Sennan,male
Kinjal,female
Gabor,male
Haejun,male
Zhangming,male
Girishkumar,male
Yalemisew,male
Kilu,male
Jianfei,male
Sufeng,male
Nobushige,male
Zhengnan,male
Meet,male
Cleber,male
Enmin,male
Sarvesh,male
Huajie,male
Tawseef,male
Wanqing,female
Ilyes,male
Yijiang,male
Prachi,female
Minghui,male
Jihyeok,male
Jiaze,male
Annanda,female
Lingkai,male
Kyubyong,female
Deepang,
Shuntaro,male
Wenyue,female
Jibril,male
Bairu,male
Sungrae,male
Yuyang,male
Difeng,male
Fusataka,
Nithin,male
Yuheng,male
Ilaine,female
Mingtong,female
Ruosong,male
Yaru,female
Ruizhe,male
Chunpu,male
Jinyue,female
Takaki,male
Xiaochang,male
Ruize,male
Anurag,male
Manpreet,male
Huaijin,male
Congzheng,male
Toqeer,male
Wenyu,female
Danrun,male
Nimisha,female
Zesis,male
Pranati,female
Binu,male
Zhongqing,male
Giwon,male
Bharatram,
Xiaojun,male
Yeachan,male
Gorjan,male
Yichi,male
Jungwoo,male
Minmin,female
Arpana,female
Yohann,male
Taraka,male
Mohaddeseh,female
Yuxi,female
Shijia,male
Haibo,male
Prafull,male
Jheng,female
Jianpeng,male
Samarth,male
Xuemiao,
Pattarawat,male
Yanjian,male
Dayeon,female
Jingyuan,male
Savong,male
Suilan,female
Tianling,male
Zhichun,male
Rongtao,male
Rositsa,female
Parismita,female
Youcheng,male
Cash,male
Cicero,male
Jerin,male
Sapan,male
Annapurna,female
MohammadReza,male
Jianfeng,male
Shaoru,
Liyun,female
Amith,male
Qifei,male
Shounak,male
Yunyi,male
Yanguang,male
Renz,male
Rezvaneh,female
Keqing,female
Jungjun,male
Asheesh,male
Afroz,male
Isin,female
Suteera,female
Haokun,male
Saransh,male
Jaydeep,male
Somil,male
Medari,male
Barun,male
Weipeng,male
Shafayat,male
Kawaljit,male
Yipeng,male
Neetika,female
Ramchandra,male
Kyeongmin,male
Jingye,female
Brihi,female
Jihen,female
Suhan,male
Deren,male
Erxin,female
Frejus,male
Malgorzata,female
Siyao,female
Lianzhe,male
Alapan,male
Amrith,male
Xinhong,female
Rongsheng,male
Ruey,male
Saeedeh,female
Insoo,male
Changzhen,female
Youzhi,male
Chunyuan,male
Yexiang,male
Minlong,male
Dongming,male
Lacramioara,female
Navonil,male
Ravindra,male
AmirAli,male
Raghvendra,male
Paria,female
Koyel,female
Charuta,female
Ruyue,female
Shuying,female
Jaehun,male
Allahsera,
Qinxin,female
Jiezhong,male
Fayuan,
Archita,female
Yuncong,male
Wenyan,female
Souradip,male
Zixiang,male
Xilun,female
Gunhee,male
Daivik,male
Gongbo,male
Linrui,male
Tiangang,male
Vinayaka,male
Xuemeng,male
Shusheng,male
Zulipiye,female
Hankyol,
Zhaohong,male
Ziyan,male
Jianqiao,male
Sujian,male
Zhaopeng,male
Jinghang,female
Hammad,male
Shiyao,female
Jiahua,male
Jiho,male
Yutaro,male
Jatin,male
Yekyung,female
Chujie,female
Lingjuan,female
Yingbo,male
Huaishao,
Kunal,male
Abderrahim,male
Makesh,male
Xiuyi,female
Jueqing,
Liye,female
Rongxiang,male
Xinting,female
Anupriya,female
Huaao,
Wanwei,male
Somayeh,female
Krunal,male
Panitan,male
Yicong,male
Yangsibo,
Orianna,female
Tianxiao,male
Duzhen,
Chuandong,male
Amardeep,male
Xikun,male
Peifeng,male
Xianchao,male
Sudeep,male
Kiyong,male
Vijayasaradhi,male
Dwaipayan,male
Zhouxing,male
Aakriti,female
Yiben,
Junsheng,male
Siyou,female
Xiaomian,female
Meiqi,female
Mohit,male
Tsvetomila,female
Lihao,male
Youxuan,male
Zibo,male
Rubungo,
Xunjie,male
Revanth,male
Mingbo,male
Renjie,male
Yatin,male
Himani,female
Seungjae,male
Wenhu,male
Jiazhao,
Liyuan,female
Guangtao,male
Tzuf,
Shaohan,female
Hancheng,male
Shucheng,male
Seoyeon,female
Xingyuan,male
Hareesh,male
Nobukazu,male
Chuxu,male
Yuncheng,male
Zewang,
Pengshuai,
Bingfeng,male
Cheoneum,
Ghadi,male
Hongkuan,male
Fanyu,male
Tomek,male
Danish,male
Taghreed,female
Swabha,
Manik,male
Disha,female
Liuyin,female
Sungwon,male
Mehrad,male
Nafis,male
Longxu,male
Yanlin,female
Changmeng,male
Xipeng,male
Kunze,male
Elhadji,male
Rashedur,male
Dayiheng,
Elgun,male
Ruiyi,male
Yugo,male
Kasra,male
Xutai,
Bingbing,female
Zhiwen,male
Ziyu,male
Rapha,male
Arpit,male
Miyoung,female
Yuntao,male
Dongmin,male
Weishi,male
Zhengjue,
Ashjan,female
Srikala,male
Silei,female
Sijin,male
Sida,female
Ruifang,female
Yingyao,female
Maolin,male
Chitwan,male
Xianyang,male
Lijie,male
Mingming,female
Xuanfu,
Yiquan,male
Woohwan,male
Naitian,male
Dandan,female
Th,male
Zonglin,female
Wenshuo,male
Hyonsu,male
Siyan,female
Mengyun,male
Xanh,male
Jianqiang,male
Vitou,male
Jianquan,male
Xiaoxiao,female
Sanyuan,male
Zorik,male
Zhenpeng,male
Corb,male
Yuying,female
SM,male
Yafei,male
Dehong,male
Heejin,female
Zikang,male
Kunlong,male
Mucheng,
Zuyi,male
Hanchu,
Umrinder,
Lishan,female
Hanlu,female
Qianli,male
Baiyun,female
Tiwalayo,female
Youchao,male
Alfarabi,male
Umanga,male
Bokyung,female
Xinyao,female
Ledell,male
Chenggong,male
Qiongkai,
Meixi,female
Jizhi,male
Tengyang,
Vebj,
Tahmid,male
Yaobo,female
Huilin,female
Shirong,male
Billal,male
Yudong,male
Yuzhang,male
Maosen,male
Yashwanth,male
Qile,female
Herve,male
Siwon,male
Jiecao,
Runzhi,male
Zhangyin,male
Yunsu,male
Zirui,male
Khyathi,female
Youngbin,male
Zifeng,male
Kexiang,
F,male
Yangfeng,male
Mariona,female
Raheel,male
Longxuan,female
Wangsu,male
Wuya,male
Basemah,female
Peixiang,female
Boya,female
Clionadh,female
Shengsheng,male
Wenbo,male
Chuanrong,
Maitreyee,female
Zixu,male
Shujun,female
Yuanzhe,male
Shuyuan,female
Amandalynne,female
Yitong,female
Jiin,female
Qianhui,female
Sanle,male
Shiyan,female
Hanzhong,male
Xinyuan,female
Tirthankar,male
Dongxu,male
Gathika,
Youmna,female
Yawen,female
Canasai,
Yiding,female
JinYeong,female
Dibyanayan,
Zhuolin,male
Arra,female
Wangshu,female
Linfeng,male
Shaorong,male
Jiande,male
Shaunak,male
Girish,male
Miaomiao,female
Yufeng,male
Krishnapriya,female
Zhiquan,male
Oluwatobi,male
Kaijia,female
Kanthashree,
Tianhuan,
Junxuan,male
Gargi,female
Yifeng,male
Sumeet,male
Amittai,
Lahari,female
Zhenfang,male
Heyuan,male
Macarious,male
Hyeryun,female
Danqing,male
Lasisi,male
Hitesh,male
Zhiliang,male
Bingjie,female
Huiming,male
Zixia,female
Kunli,male
Yinchuan,male
Hengrui,male
Hono,female
Dinghe,male
Tazin,female
Sampriti,female
Reham,female
Shuyao,female
Khyatti,male
Daoyuan,male
Angli,female
Kosisochukwu,male
Anumeha,female
Oi,male
Saiping,
Yuvaram,
Zhengyang,male
Silin,female
Sankaran,male
Jiangtao,male
Jishnu,male
Thushari,female
Sungrim,female
Jiaying,female
Kaytlin,female
Khushbu,female
Vishrav,
Pruthwik,
Qingsong,male
Xiexiong,
Ndapa,female
Jinho,male
Yanbin,male
Attapol,male
Jiemin,female
Kiante,male
Shyh,male
Sathvik,male
Jinbiao,male
Dhruvesh,male
Wenxian,male
KayYen,
Abdulkareem,male
Vihari,male
Jierui,male
Changzhi,male
Junliang,male
Donghoon,male
Tejaswani,
Malihe,female
Bingzhen,female
Shiki,male
Segun,male
Guanlin,male
Yinqiao,female
Qinan,male
Ruixue,female
Marcis,male
Geeticka,female
Minqin,female
Amitha,female
Sanuj,male
Heidar,male
Yingce,
Manirupa,
Joongbo,male
Ratish,male
Taleen,female
Xuemin,male
Roshna,female
Sparsh,male
Poorya,male
Shuangcheng,male
Eugeniia,female
Yirong,male
Mirac,male
Ruichu,
Lizhen,female
Navnita,female
Procheta,
Sravan,male
Xinru,female
Suyu,female
Meiling,female
Tilahun,male
Chanakya,male
Xuancai,
Hongrui,male
Dongzhou,male
Haocong,
Yongjian,male
Riktim,
Xiaoqing,female
Tovly,
Sudheer,male
Jahkel,male
Jianxing,male
Ashwini,female
Yusu,male
Danqi,female
Lushi,male
Gaith,male
Xingce,
Zhenghua,male
Jungwei,
Srecko,male
Vihan,male
Dmetri,male
Emeka,male
Lixin,male
Wednesday,female
Chunyang,male
Pyeong,male
Kalpit,male
Yatu,male
Huaiyu,male
Uygun,male
Zhengwei,male
Vamshi,male
Yasmeen,female
Grandee,male
Yongjing,male
Obeida,male
Pengyuan,male
Eben,male
Gantavya,male
Daesik,male
Shoaib,male
Nuniyat,
Shaohua,male
Srikrishna,male
Jiaxuan,female
Qingbao,male
Thy,female
Souvik,male
Jayadev,male
Xinhao,male
Yatri,male
Ipek,female
Zhuoren,
Zhenyi,male
Pranava,male
Nazneen,female
Yanzhi,male
Tuya,female
Chiraag,male
Wangda,male
Ruoyao,
Liner,male
Mengyang,male
Rajagopal,male
Lingxian,female
Diya,female
Svetlozara,female
Wenhuan,male
Hanrui,male
Pingping,female
Guangfeng,male
Riya,female
Beiming,male
Melese,male
Weiqiu,
Haoshuo,
Hwaran,female
Vishwani,male
Moiz,male
Sudipto,male
Liting,female
Moonsu,male
Jungyeul,male
Ruobing,male
Minjoon,male
Shuailong,
Ilseyar,female
Ziran,male
At,male
Tirana,female
Vilhj,
Sungjin,male
Zhenqiao,
Renfeng,male
Haihong,female
Rashed,male
Boliang,male
Yuyu,male
Haishun,female
Myle,female
Meisyarah,
Swadheen,male
Ronghang,male
Lijun,female
Vamsi,male
Enkhbold,male
Jichuan,male
Ugurcan,male
Haihua,female
Taiwo,male
Huijun,female
Lisong,male
Robik,male
Dhouha,female
Ne,male
Shudong,male
Shaoling,female
Tianyang,male
Huangzhao,
Shany,female
Renfen,
Haoxiang,male
Jianheng,male
Yanshan,female
Jiyu,female
Nianheng,
Thazin,female
Shuming,male
Zhirui,male
Adhiguna,male
Zhengqi,male
Yancui,female
Kaimin,male
Runqi,female
Rayehe,female
Sangchul,male
Vighnesh,male
Siwen,female
Shohreh,female
Assina,female
Zhiting,male
Farjana,female
Boli,male
Meishan,female
Falcon,male
Tushaar,male
Nanjiang,male
Fangzhao,female
Raki,female
Youngwoo,male
Jhih,male
Dinghan,male
Tosho,male
Zhongyang,male
Jihwan,male
Genady,male
Qiji,male
Xingchen,male
Rajvir,male
Kartikeya,male
Junnan,male
Sainbayar,male
Aim,male
Jianxin,male
Yuanyuan,female
Zhenkai,male
Hainan,male
Dalin,female
Zhijiang,male
Yuxing,male
Mennatallah,female
Santhosh,male
Wenquan,male
Canran,
Mandar,male
Tatsunori,male
Hairong,female
Djam,male
Tianlin,male
Rashidul,male
Pushpendre,
Qimin,female
Dushyant,male
Yingyi,female
Sushmitha,female
Guangxiang,male
Abhijeet,male
Shonosuke,male
Siti,female
Chaoyu,male
Bingyu,female
Xiuhong,female
Samvit,male
Shengli,male
Chengyi,female
Xiepeng,
Qiuchi,male
Xuewei,female
Xiaoye,female
Sattam,male
Waad,female
Yada,female
Kavya,female
Bailian,male
Bhuwan,male
Zhepei,male
Saeideh,female
Jinhui,male
Elozino,female
Yingqiang,male
Aayush,male
Hongxiao,female
Kaiji,male
Geewook,
Ketki,female
Areej,female
Yftah,female
Wenbin,male
Zijian,male
Sandip,male
Zhifang,male
Rifki,male
Murali,male
Rezka,female
Aurko,male
Bayzid,male
Quanzhi,female
Suyang,male
Yuze,male
Xianggen,male
Mingqing,male
Sijie,female
Chaodong,male
Avinesh,male
Haoxi,male
Changfeng,male
Mukuntha,male
Inkit,male
Fengshun,male
Wee,male
Farig,male
Wuti,male
Jihun,male
Jasdeep,male
Jiayu,female
Viresh,male
Huangpan,
Zonghan,male
Matus,male
Wenmeng,
Jiazhan,
Rushab,male
Jihang,male
Soujanya,female
Murugesan,male
Sheikh,male
Kritika,female
Ver,female
Stephane,male
Ankush,male
Mickel,male
Subhro,male
Haoruo,male
Yeyao,male
Yunxia,female
Xihao,male
Starka,male
Vrindavan,male
Naba,female
Sushant,male
Baosong,male
Saar,female
Hyungtak,male
Hamidreza,male
Lutfiye,female
Sajawel,
Tongfei,male
Adith,male
Behrang,male
Yakun,male
Ozge,female
Yulan,female
Akansha,female
Changjie,male
Hongmin,male
Abdessalam,male
Chunning,female
Taehee,male
Lingjun,male
Haotian,male
Arshit,male
Xingxing,male
Avik,male
Mayur,male
Fynn,male
Yudianto,male
Renxuan,female
Junghyun,male
Ouyu,female
Nourah,female
Sardana,female
Youngjun,male
Zhuoxuan,female
Tianqi,male
Wasifur,male
Soufian,male
Vishwajeet,male
Yuanchao,male
Shengyu,male
Chenwei,male
Wenyv,
Yajie,female
Sourabh,male
Xiangkai,male
Zhibo,male
Kiant,male
Tilia,female
Rolandos,male
Kashyap,male
Xiaobin,male
Botian,male
Xiaoman,female
Keval,male
Mrinmaya,
Ruiying,female
Sanghyun,male
Sinong,female
Miaofeng,female
Suyoun,female
Rudra,male
Ygor,male
Zhifan,male
Yikai,male
Zhiqing,male
Sinchani,
Jipeng,male
Kango,male
Andisheh,female
Debela,male
Sabita,female
Iqra,female
Lanqiu,female
Baigong,
Saptarshi,male
Shaowei,male
Pranshi,female
Krtin,female
Xuanyu,male
Yoonhyung,male
Hangbo,male
Svanhv,
Xiaofei,male
Houyu,male
Weike,male
Xuezhe,male
Ahmadreza,male
Devanshu,male
Haoyan,male
Yuzhong,male
Yifu,male
Saatviga,
Ameya,male
Mingkuan,male
Yuanfeng,male
Shehel,
Xiabing,female
Aixiu,female
Sourab,male
Hojae,male
Xinchi,female
Huiyun,female
Zhufeng,male
Preksha,female
Jiyoung,female
Prabhu,male
Vinayakumar,male
Scarton,male
Liliang,male
Meisam,male
Swaraj,male
Shaonan,male
Zaixiang,male
Younghun,male
Vinayak,male
Jiaping,male
Zhelun,
Kaige,male
Kyusong,female
Jaejun,male
Weiying,female
Leimin,male
Rajas,male
Arshia,male
Paarth,male
Qianjia,male
Nanyun,female
Raghuram,male
SaiKrishna,male
Zornitsa,female
Prathusha,female
Jiateng,male
Youngmin,male
Huazheng,female
Yimon,female
Bofang,female
Yuyun,female
Hrishikesh,male
Longtu,
Wenfan,male
Weijing,female
Aritz,male
Jinxin,male
Deli,male
Jetic,male
Youngsoo,male
Bj,male
Tianfan,male
Boyang,male
Twin,male
Manaal,female
Wenjun,male
Xiaolin,male
Zhenduo,
Hessa,female
Youness,male
Zhongbo,male
Nabin,male
Valia,female
Noriki,male
Sharath,male
Rupsa,female
Saoussen,female
Sangameshwar,male
Zimeng,female
Shashwat,male
Hsiu,female
Shuqing,female
Shulong,male
Yingchi,female
Kaisong,
Cancan,male
Jiazuo,male
Michimasa,male
Jilei,male
Myan,female
Yanfu,male
Prakruthi,male
Moontae,male
Yanghoon,male
Rijul,male
Nayeema,female
Anab,female
Qibin,male
Oyvind,male
Habibeh,female
Shexia,
Xinzhu,female
Ziyue,male
Siqing,male
Deepthi,female
Dushyanta,male
Anon,male
Linkai,male
Yongbin,male
Promita,female
Burr,male
Biswanath,male
Nganthoibi,
Bishan,male
Yow,male
Ruidong,male
Dusica,female
Sangnie,
Monojit,male
Nontawat,male
Guocheng,male
Yamen,male
Manasvi,female
Uxoa,female
Krishnkant,male
Liangchen,male
Ruiping,male
Binxuan,female
Elvys,male
Yuanpeng,male
Almog,male
Guanliang,male
Guobin,male
Ildik,female
W,male
Jiwei,male
Chengjiang,male
Zhimin,male
Parvathy,female
Nidhin,male
Armins,male
Beno,male
Xiyuan,male
Sonit,male
Amandla,male
Menasha,male
Tanmoy,male
Filipo,male
MinhQuang,male
Jey,male
Vidur,male
Jingguang,male
Zhongyu,male
Wilker,male
Juneki,male
Alankar,male
Qingxun,male
Gourab,male
Prabal,male
Ruiji,male
Quanlei,
Shiyun,female
Yaushian,
Shilin,male
Jainisha,female
Rakshit,male
Pengtao,male
Yunxiao,male
Shuman,male
Wonsuk,male
Yafang,female
Xiangrong,male
Sreekavitha,
Meiqian,
Shibhansh,
Kangyan,female
Zishan,male
Shiyuan,male
Yanrong,female
Jixing,male
Zeyang,male
Junyang,male
Seonghan,male
Shaohui,male
Pengda,male
Chunqi,male
Sachith,male
Ruqing,female
Andargachew,male
Zhenghang,male
Tszhang,male
Changliang,male
Hen,male
Wangjin,male
Yizhong,male
Fangfang,female
Jiewen,female
Nikhilesh,male
Dzikri,male
Sree,female
Tatsuru,male
Y,male
Weiwei,female
Manasi,female
Michiki,male
Abhijith,male
Zhixiu,female
Hagyeong,female
Saizheng,
Qiaozi,
Vishvak,female
Priyank,male
Xinzhou,male
Pengxiang,male
Zhongwei,male
Tuka,female
Snigdha,female
Shimi,male
Tomohide,male
Haohui,male
Amirmohammad,male
Joern,male
Tsvetana,female
Aneesha,female
Shalaka,female
Xianda,male
Benoit,male
Chunping,male
Siddarth,male
Niyati,female
Luheng,male
Xiujun,male
Guoyin,male
Yijia,female
Hongge,male
Anuj,male
Elzbieta,female
Eunsol,female
Dhanush,male
Arzoo,female
Jianbo,male
Sujeong,female
Prodromos,male
Qiuyue,female
Zhengxin,male
Zhichu,
Meizhi,female
Hubie,male
Yiannos,male
Sabyasachi,male
Riyaz,male
Soumyadeep,male
KyungTae,male
Annervaz,
Qiuyuan,female
Pavithra,female
Jumi,female
Baoxin,male
Puyang,male
Danlu,female
Amulya,female
Zhengdong,male
Ziang,male
Mingmin,male
Rohil,male
Junwen,male
Pararth,
Beto,male
Yookoon,
Juncen,male
Asli,female
Meilin,female
Eylon,male
Sangkeun,male
WooJin,male
Seohyun,female
Huasha,male
Lishuang,female
Hengru,
Huadong,male
Yingting,female
Yanyao,male
Murhaf,male
Xiaoyuan,male
Abdurrisyad,
Thanat,male
Muyao,female
Byungkook,male
Pravallika,female
Baohua,male
Vincentius,male
Yankai,male
Yajun,male
Drahomira,female
Shreyansh,male
Kaiyin,male
Thanapon,male
Sizhen,male
Xiaodan,female
Guoping,male
Shanshan,female
Llu,female
Chirag,male
Yaqiang,male
Xiwu,male
Michaeel,male
Bed,male
Yingwei,male
Dakun,male
Harsimran,male
Kangqi,female
Arief,male
Yuguang,male
Qizhe,male
Curea,male
Chukwuyem,male
Myungha,male
Sallam,male
Samhaa,
Danchen,female
Rutal,
Sedtawut,male
Sreekanth,male
Yuanye,male
Terumasa,male
Juae,female
Sarvnaz,female
Enamul,male
Muhannad,male
Youngseo,male
Chlo,female
Junqing,male
Jiyuan,male
Yllias,male
Agn,female
Zeping,male
Charese,female
Weiming,male
Xiaopu,male
Delai,male
Balaji,male
Jer,male
Shaojie,male
Vassilis,male
Minghua,female
Yuanliang,male
Jui,male
Alymzhan,male
Dongyun,male
Aghilas,male
Xueying,female
Rasoul,male
Cherifa,female
Wenjia,female
Shizhu,female
Izzeddin,male
Soumil,male
Lingliang,female
Oph,female
Yanchao,male
Yanzhuo,male
Ebtesam,female
Yuichiroh,male
Duyu,female
Sujay,male
Golnar,female
Zhunchen,
Yasas,male
Yunita,female
Sanghyuk,male
Fanqing,male
Enkhzol,
Shuqin,female
Peisong,male
Jingqiang,male
Nourredine,male
Jianshu,male
Prabod,male
Nurendra,
Tekabe,female
Arnau,male
Hoifung,
Dipendra,male
Zunaira,female
Linyuan,male
Abualsoud,
Bojie,male
Jianmin,male
Varada,male
Artaches,male
Aniketh,male
Isuru,male
Joybrata,male
Huanru,female
Junchao,male
Zhenni,female
Skanda,male
Kittipitch,male
Prasenjit,male
Elahe,female
Shoval,female
Honglun,female
Binny,male
Nihel,female
Zarmeen,female
Dwijen,male
Kyunghyun,male
Yachao,male
Vasu,male
Feixiang,male
Xiaoshi,female
Xiaoyin,female
Dayne,male
Reshmi,female
Jianyu,male
Mantong,
Abeed,male
Suncong,female
Yuhuan,female
Kiminobu,male
Mengxiao,female
Haithem,male
Zongsheng,male
Antske,
Canjia,
Dingquan,male
Naeha,female
Umashanthi,
Sebasti,male
Yunfei,male
Zhihua,male
Yedid,female
Nasredine,male
Swayambhu,male
Chanhee,male
Chenggang,male
Johanes,male
Lingzhen,female
Jianan,male
Guolong,male
Artuur,male
Maoquan,male
Zde,female
Dongsuk,male
Mingbin,male
Yuto,male
Amosse,male
Junhui,male
Chiraz,female
Jiaxun,female
Yaosheng,
Orph,male
Qingying,female
Shiqi,female
Takenobu,male
Yongzhen,male
Atreyee,female
Yazhou,male
Liangguo,male
Yawei,male
Hanumant,male
Apurba,male
Sarath,male
Edilson,male
Caglar,male
Haowei,male
Shehroze,male
Bonggun,male
Xiangju,female
Javi,male
Deger,male
Jingshu,female
Changxing,male
Kre,male
Jeenu,male
Changsheng,male
Shuihua,female
Kaitao,male
Yelong,male
Gw,male
Naitong,male
Jingbo,male
Aldrian,male
Hongzheng,male
Youhyun,male
Sunghwan,male
Fengyu,male
Shiou,female
Richong,male
Boxing,male
Anusri,female
Shenhao,male
Isobelle,female
Xiaomin,female
Sridhar,male
Vaden,male
Guanying,male
Pinal,male
Amany,female
Sandesh,male
Stergos,male
Sindhuja,female
Lalain,male
Haiqing,male
Arihant,male
Shoushan,female
Kangil,male
Str,male
Taesung,male
Sadid,male
Mhd,male
Beg,male
Karteek,male
Sreelekha,female
Hesam,male
Feiyu,male
Huijing,female
Shuly,female
Fadoua,female
Inari,female
Lanbo,male
Dhiraj,male
Arendse,female
Yafeng,male
Meghna,female
Shomir,male
Yunseok,male
Jaesong,male
Anirban,male
Tingsong,male
Jinxing,male
Swee,female
Gholamreza,male
Natasa,female
Adams,male
Eriks,male
Andamlak,male
Yuezhang,female
Sunao,male
Shaotong,male
Jinchao,male
Deryle,male
Vasanthi,female
Aiala,female
Magesh,male
Guiyao,
Jayendra,male
Arkanath,male
Wanru,female
Jinseon,female
Lotem,female
Debasis,male
Xiaoyun,female
Gunarso,male
Purvanshi,
Zhongyuan,male
Zhongjun,male
Qiaolin,female
Wuying,male
Tsendsuren,female
Gaoying,
Sigr,male
Machine,male
Dilafruz,female
Weihua,male
Sushrut,male
Gyoung,male
Sharada,female
Amaria,female
Renars,male
Talvany,male
Xiaocheng,male
Abdelkarim,male
Wahed,male
Dasha,female
Niraj,male
Munpyo,male
Shulei,female
Bogyum,male
Cunchao,
Desh,male
Shaoyang,male
Abulhair,male
Andros,male
Licheng,male
Shibamouli,
Marhaba,male
Aroma,female
Srikanth,male
Gehui,male
Honglei,male
Nariyoshi,male
Xiaowei,male
Lloren,male
Shangmin,male
Liling,female
Sonse,male
Gongye,male
Selja,female
Siliang,male
Szu,female
Muhaimin,male
Haijing,female
Lanjun,female
Jinnan,male
Kollol,male
Hayahide,
Tingming,male
Xuansong,
Chinnappa,male
Ebuka,male
Parinaz,female
AlBara,male
Taradheesh,
Mijail,male
Gyri,female
Balamurali,male
Manjira,female
Xuwang,
Raveesh,male
Yasheng,female
Rivindu,male
Jeevanthi,male
Naiara,female
Abdelati,male
Liangyou,male
Sandareka,female
Shikun,male
Leyi,female
Yota,male
Daisaku,male
Yanran,female
Guokun,male
Panot,male
Kiem,male
Chuanqi,male
Junta,male
Huaxing,male
Udochukwu,male
Sunayana,female
Shurong,female
Rafiya,male
Azadeh,female
Taishi,male
Braja,male
Pracheta,male
Prescott,male
Yimai,female
Juergen,male
Gaya,female
Wencan,male
Lianhua,female
Wenjing,female
Jasy,female
Qiuye,female
Ouafae,female
Ielka,female
Biralatei,
Eshrag,female
Chengyao,female
Huijia,female
Natsuda,female
Abdelghani,male
Meritxell,female
Xianpei,male
Dame,male
Yatian,male
Alexsandro,male
Sharmin,female
Jinsong,male
Shaoda,male
Prerana,female
Kailang,male
Pengjie,male
Pl,male
Anqi,female
Jcs,male
Parma,female
Xingyou,male
Chetana,female
Hanieh,female
Meunier,male
Shufeng,male
Shobhit,male
Lianet,female
Motasem,male
Hongsuck,male
Riyafa,
Mampaka,male
Paheli,female
Arefeh,female
Dhirendra,male
Kodai,male
Motaz,male
Atefeh,female
Ventsislav,male
Dain,male
Takanobu,male
AiTi,male
Avar,male
Emna,female
Fattaneh,female
Wushouer,
Abdelrahim,male
Chakir,male
Thepchai,
Souleiman,male
Roldano,male
Zhongqiang,male
Isma,male
Dekang,female
Noushin,female
Seniz,female
Boutheina,female
Sopheap,female
Osamuyimen,male
Prajol,male
Thatsanee,female
Shisanu,male
Abdenour,male
Yanqing,female
Radolfo,male
Natsuno,female
Keyan,male
Noureddine,male
Nari,female
Dimou,male
Shamima,female
Pitambar,male
Nadi,female
Kow,male
Lebelo,male
Ananthakrishnan,male
Avneesh,male
Grazyna,female
Venu,male
Hwidong,male
Rub,male
Souhir,female
Gy,male
Hafedh,male
Feten,female
Minwoo,male
Renlong,male
Inderjeet,male
Wigdan,female
Ruvan,male
Rustin,male
Zhifei,male
Rocio,female
Abdelhamid,male
Kwanchiva,
Wolodja,male
Weiruo,
Jiangping,male
Sandiway,male
Crit,male
Patcharee,female
Hidetsugu,male
Drahom,
Calandra,female
Enik,female
Munshi,male
Xuchen,male
Hercules,male
Jahna,female
Kumutha,female
Baden,male
Fab,male
Goritsa,female
Arafat,male
Xinglong,male
Nobo,male
Chomicha,female
Markpong,
Klaar,female
Mridul,male
Plaban,male
Stasinos,male
Hyeran,female
Lidan,female
Asunci,female
Juntae,male
Aree,female
Vladim,male
Sarra,female
Patr,male
Liumingjing,
Herv,male
Mukda,female
Naushad,male
Hilder,female
Yunqing,female
Jeongwoo,male
Rachada,female
Wejdene,female
Au,male
Moez,male
Arfath,male
Zhuli,male
Agam,male
Kyonghee,female
Virach,male
Yiou,male
Minwei,male
Yanli,female
Jaeyoung,male
Changhyun,male
Panuwat,male
Minguang,
Wenyuan,male
Atelach,
Maaske,
Narj,female
Ndapandula,female
Sisay,male
Siaw,female
Mehryar,male
Atro,male
Tassadit,female
Hyejin,female
Abdillahi,male
Muntsa,female
Udhyakumar,male
Zahurul,male
Choy,male
Porf,male
Soojeong,female
Keh,male
Muath,male
Genevi,female
Lambros,male
Teriuko,
Rohman,male
Pradipto,male
Dipawesh,
Marsal,male
Changqin,female
Wauter,male
Naoaki,male
Antton,male
Fangzhong,
Pollet,female
Zareen,female
Stavaux,female
Jerid,male
Joohee,female
Franti,male
Magdal,female
Naziba,female
Nordine,male
Flo,female
Sakriani,
Fuliang,male
Jugurtha,male
Najeh,male
Nitsan,male
Kyota,male
Rieks,male
Nawar,female
Chaozhuo,
Tafseer,male
Nadjet,female
Thoudam,male
Nianwen,female
Septina,female
Joydeep,male
Slav,male
Willaim,male
Chahinez,female
Chafik,male
Guoyu,male
Nano,male
Izabel,female
Demulier,female
Anindya,female
Swaran,male
Mehand,male
Yuanlong,male
Sitong,female
Junfei,male
Lenhart,male
Panikos,male
Saab,male
Kugatsu,female
Tomoyosi,male
Tanaka,male
Yandi,male
See,female
Prasha,male
Xinkai,male
Eneldo,male
Gra,female
Johanka,female
Seyedamin,
Tejaswini,female
Lingshuang,female
Asanee,male
Minglei,male
Raghavendra,male
Hitokazu,
Fermin,male
Suchet,male
